date,qty,base_price
2018-01-01,0.0,22
2018-01-02,5.0,22
2018-01-03,0.0,22
2018-01-04,6.0,22
2018-01-05,1.0,22
2018-01-06,1.0,22
2018-01-07,4.0,22
2018-01-08,5.0,22
2018-01-09,2.0,22
2018-01-10,1.0,22
2018-01-11,4.0,22
2018-01-12,7.0,22
2018-01-13,8.0,22
2018-01-14,3.0,22
2018-01-15,11.0,22
2018-01-16,6.0,22
2018-01-17,1.0,22
2018-01-18,6.0,22
2018-01-19,6.0,22
2018-01-20,7.0,22
2018-01-21,2.0,22
2018-01-22,7.0,22
2018-01-23,8.0,22
2018-01-24,4.0,22
2018-01-25,1.0,22
2018-01-26,0.0,22
2018-01-27,8.0,22
2018-01-28,6.0,22
2018-01-29,0.0,22
2018-01-30,3.0,22
2018-01-31,5.0,22
2018-02-01,6.0,22
2018-02-02,17.0,22
2018-02-03,3.0,22
2018-02-04,1.0,22
2018-02-05,8.0,22
2018-02-06,3.0,22
2018-02-07,4.0,22
2018-02-08,0.0,22
2018-02-09,6.0,22
2018-02-10,5.0,22
2018-02-11,9.0,22
2018-02-12,7.0,22
2018-02-13,4.0,22
2018-02-14,0.0,22
2018-02-15,0.0,22
2018-02-16,8.0,22
2018-02-17,3.0,22
2018-02-18,1.0,22
2018-02-19,5.0,22
2018-02-20,2.0,22
2018-02-21,3.0,22
2018-02-22,3.0,22
2018-02-23,7.0,22
2018-02-24,5.0,22
2018-02-25,10.0,22
2018-02-26,12.0,22
2018-02-27,3.0,22
2018-02-28,6.0,22
2018-03-01,1.0,22
2018-03-02,10.0,22
2018-03-03,10.0,22
2018-03-04,11.0,22
2018-03-05,0.0,22
2018-03-06,6.0,22
2018-03-07,2.0,22
2018-03-08,5.0,22
2018-03-09,7.0,22
2018-03-10,7.0,22
2018-03-11,9.0,22
2018-03-12,5.0,22
2018-03-13,4.0,22
2018-03-14,6.0,22
2018-03-15,5.0,22
2018-03-16,1.0,22
2018-03-17,6.0,22
2018-03-18,8.0,22
2018-03-19,2.0,22
2018-03-20,3.0,22
2018-03-21,0.0,22
2018-03-22,5.0,22
2018-03-23,4.0,22
2018-03-24,3.0,22
2018-03-25,1.0,22
2018-03-26,2.0,22
2018-03-27,5.0,22
2018-03-28,2.0,22
2018-03-29,3.0,22
2018-03-30,11.0,22
2018-03-31,8.0,22
2018-04-01,2.0,22
2018-04-02,9.0,22
2018-04-03,5.0,22
2018-04-04,11.0,22
2018-04-05,6.0,22
2018-04-06,3.0,22
2018-04-07,6.0,22
2018-04-08,0.0,22
2018-04-09,4.0,22
2018-04-10,0.0,22
2018-04-11,0.0,22
2018-04-12,1.0,22
2018-04-13,0.0,22
2018-04-14,3.0,22
2018-04-15,2.0,22
2018-04-16,1.0,22
2018-04-17,8.0,22
2018-04-18,1.0,22
2018-04-19,1.0,22
2018-04-20,5.0,22
2018-04-21,6.0,22
2018-04-22,5.0,22
2018-04-23,8.0,22
2018-04-24,5.0,22
2018-04-25,2.0,22
2018-04-26,7.0,22
2018-04-27,0.0,22
2018-04-28,6.0,22
2018-04-29,3.0,22
2018-04-30,3.0,22
2018-05-01,5.0,22
2018-05-02,3.0,22
2018-05-03,0.0,22
2018-05-04,2.0,22
2018-05-05,9.0,22
2018-05-06,8.0,22
2018-05-07,8.0,22
2018-05-08,1.0,22
2018-05-09,5.0,22
2018-05-10,5.0,22
2018-05-11,1.0,22
2018-05-12,2.0,22
2018-05-13,1.0,22
2018-05-14,5.0,22
2018-05-15,4.0,22
2018-05-16,5.0,22
2018-05-17,3.0,22
2018-05-18,0.0,22
2018-05-19,2.0,22
2018-05-20,1.0,22
2018-05-21,2.0,22
2018-05-22,1.0,22
2018-05-23,8.0,22
2018-05-24,4.0,22
2018-05-25,7.0,22
2018-05-26,5.0,22
2018-05-27,2.0,22
2018-05-28,5.0,22
2018-05-29,2.0,22
2018-05-30,3.0,22
2018-05-31,4.0,22
2018-06-01,10.0,22
2018-06-02,0.0,22
2018-06-03,1.0,22
2018-06-04,2.0,22
2018-06-05,4.0,22
2018-06-06,10.0,22
2018-06-07,2.0,22
2018-06-08,2.0,22
2018-06-09,4.0,22
2018-06-10,0.0,22
2018-06-11,7.0,22
2018-06-12,2.0,22
2018-06-13,3.0,22
2018-06-14,3.0,22
2018-06-15,3.0,22
2018-06-16,3.0,22
2018-06-17,5.0,22
2018-06-18,4.0,22
2018-06-19,5.0,22
2018-06-20,1.0,22
2018-06-21,0.0,22
2018-06-22,1.0,22
2018-06-23,1.0,22
2018-06-24,3.0,22
2018-06-25,3.0,22
2018-06-26,3.0,22
2018-06-27,2.0,22
2018-06-28,2.0,22
2018-06-29,3.0,22
2018-06-30,13.0,22
2018-07-01,7.0,22
2018-07-02,2.0,22
2018-07-03,3.0,22
2018-07-04,4.0,22
2018-07-05,1.0,22
2018-07-06,3.0,22
2018-07-07,1.0,22
2018-07-08,8.0,22
2018-07-09,3.0,22
2018-07-10,0.0,22
2018-07-11,5.0,22
2018-07-12,0.0,22
2018-07-13,0.0,22
2018-07-14,8.0,22
2018-07-15,0.0,22
2018-07-16,4.0,22
2018-07-17,2.0,22
2018-07-18,1.0,22
2018-07-19,0.0,22
2018-07-20,5.0,22
2018-07-21,2.0,22
2018-07-22,5.0,22
2018-07-23,2.0,22
2018-07-24,4.0,22
2018-07-25,5.0,22
2018-07-26,0.0,22
2018-07-27,4.0,22
2018-07-28,1.0,22
2018-07-29,7.0,22
2018-07-30,4.0,22
2018-07-31,2.0,22
2018-08-01,7.0,22
2018-08-02,8.0,22
2018-08-03,6.0,22
2018-08-04,4.0,22
2018-08-05,6.0,22
2018-08-06,16.0,22
2018-08-07,2.0,22
2018-08-08,5.0,22
2018-08-09,3.0,22
2018-08-10,4.0,22
2018-08-11,11.0,22
2018-08-12,11.0,22
2018-08-13,4.0,22
2018-08-14,2.0,22
2018-08-15,6.0,22
2018-08-16,4.0,22
2018-08-17,5.0,22
2018-08-18,18.0,22
2018-08-19,9.0,22
2018-08-20,5.0,22
2018-08-21,3.0,22
2018-08-22,6.0,22
2018-08-23,2.0,22
2018-08-24,8.0,22
2018-08-25,11.0,22
2018-08-26,13.0,22
2018-08-27,7.0,22
2018-08-28,0.0,22
2018-08-29,0.0,22
2018-08-30,9.0,22
2018-08-31,1.0,22
2018-09-01,3.0,22
2018-09-02,4.0,22
2018-09-03,2.0,22
2018-09-04,3.0,22
2018-09-05,3.0,22
2018-09-06,3.0,22
2018-09-07,3.0,22
2018-09-08,3.0,22
2018-09-09,2.0,22
2018-09-10,10.0,22
2018-09-11,9.0,22
2018-09-12,7.0,22
2018-09-13,2.0,22
2018-09-14,8.0,22
2018-09-15,8.0,22
2018-09-16,2.0,22
2018-09-17,5.0,22
2018-09-18,1.0,22
2018-09-19,0.0,22
2018-09-20,7.0,22
2018-09-21,1.0,22
2018-09-22,6.0,22
2018-09-23,5.0,22
2018-09-24,0.0,22
2018-09-25,1.0,22
2018-09-26,6.0,22
2018-09-27,6.0,22
2018-09-28,2.0,22
2018-09-29,8.0,22
2018-09-30,1.0,22
2018-10-01,1.0,22
2018-10-02,4.0,22
2018-10-03,9.0,22
2018-10-04,7.0,22
2018-10-05,3.0,22
2018-10-06,10.0,22
2018-10-07,8.0,22
2018-10-08,5.0,22
2018-10-09,3.0,22
2018-10-10,3.0,22
2018-10-11,0.0,22
2018-10-12,4.0,22
2018-10-13,5.0,22
2018-10-14,17.0,22
2018-10-15,3.0,22
2018-10-16,1.0,22
2018-10-17,1.0,22
2018-10-18,4.0,22
2018-10-19,3.0,22
2018-10-20,3.0,22
2018-10-21,5.0,22
2018-10-22,1.0,22
2018-10-23,5.0,22
2018-10-24,3.0,22
2018-10-25,0.0,22
2018-10-26,3.0,22
2018-10-27,3.0,22
2018-10-28,8.0,22
2018-10-29,3.0,22
2018-10-30,4.0,22
2018-10-31,4.0,22
2018-11-01,2.0,22
2018-11-02,3.0,22
2018-11-03,1.0,22
2018-11-04,4.0,22
2018-11-05,3.0,22
2018-11-06,7.0,22
2018-11-07,0.0,22
2018-11-08,6.0,22
2018-11-09,0.0,22
2018-11-10,7.0,22
2018-11-11,6.0,22
2018-11-12,9.0,22
2018-11-13,10.0,22
2018-11-14,3.0,22
2018-11-15,0.0,22
2018-11-16,5.0,22
2018-11-17,6.0,22
2018-11-18,1.0,22
2018-11-19,4.0,22
2018-11-20,7.0,22
2018-11-21,3.0,22
2018-11-22,1.0,22
2018-11-23,2.0,22
2018-11-24,4.0,22
2018-11-25,4.0,22
2018-11-26,2.0,22
2018-11-27,8.0,22
2018-11-28,3.0,22
2018-11-29,1.0,22
2018-11-30,6.0,22
2018-12-01,4.0,22
2018-12-02,3.0,22
2018-12-03,1.0,22
2018-12-04,3.0,22
2018-12-05,8.0,22
2018-12-06,3.0,22
2018-12-07,9.0,22
2018-12-08,7.0,22
2018-12-09,3.0,22
2018-12-10,4.0,22
2018-12-11,2.0,22
2018-12-12,1.0,22
2018-12-13,2.0,22
2018-12-14,9.0,22
2018-12-15,8.0,22
2018-12-16,5.0,22
2018-12-17,7.0,22
2018-12-18,8.0,22
2018-12-19,7.0,22
2018-12-20,7.0,22
2018-12-21,9.0,22
2018-12-22,15.0,22
2018-12-23,22.0,22
2018-12-24,4.0,22
2018-12-25,0.0,22
2018-12-26,3.0,22
2018-12-27,1.0,22
2018-12-28,5.0,22
2018-12-29,2.0,22
2018-12-30,8.0,22
2018-12-31,2.0,22
2019-01-01,0.0,22
2019-01-02,0.0,22
2019-01-03,8.0,22
2019-01-04,11.0,22
2019-01-05,6.0,22
2019-01-06,2.0,22
2019-01-07,7.0,22
2019-01-08,8.0,22
2019-01-09,5.0,22
2019-01-10,0.0,22
2019-01-11,4.0,22
2019-01-12,7.0,22
2019-01-13,1.0,22
2019-01-14,6.0,22
2019-01-15,3.0,22
2019-01-16,3.0,22
2019-01-17,0.0,22
2019-01-18,6.0,22
2019-01-19,3.0,22
2019-01-20,2.0,22
2019-01-21,2.0,22
2019-01-22,4.0,22
2019-01-23,1.0,22
2019-01-24,0.0,22
2019-01-25,3.0,22
2019-01-26,2.0,22
2019-01-27,7.0,22
2019-01-28,3.0,22
2019-01-29,5.0,22
2019-01-30,6.0,22
2019-01-31,1.0,22
2019-02-01,7.0,22
2019-02-02,5.0,22
2019-02-03,0.0,22
2019-02-04,0.0,22
2019-02-05,2.0,22
2019-02-06,2.0,22
2019-02-07,4.0,22
2019-02-08,4.0,22
2019-02-09,13.0,22
2019-02-10,4.0,22
2019-02-11,2.0,22
2019-02-12,10.0,22
2019-02-13,5.0,22
2019-02-14,1.0,22
2019-02-15,6.0,22
2019-02-16,7.0,22
2019-02-17,2.0,22
2019-02-18,2.0,22
2019-02-19,2.0,22
2019-02-20,0.0,22
2019-02-21,4.0,22
2019-02-22,4.0,22
2019-02-23,11.0,22
2019-02-24,8.0,22
2019-02-25,5.0,22
2019-02-26,6.0,22
2019-02-27,1.0,22
2019-02-28,5.0,22
2019-03-01,0.0,22
2019-03-02,2.0,22
2019-03-03,6.0,22
2019-03-04,1.0,22
2019-03-05,5.0,22
2019-03-06,5.0,22
2019-03-07,2.0,22
2019-03-08,3.0,22
2019-03-09,2.0,22
2019-03-10,3.0,22
2019-03-11,5.0,22
2019-03-12,5.0,22
2019-03-13,0.0,22
2019-03-14,2.0,22
2019-03-15,6.0,22
2019-03-16,5.0,22
2019-03-17,5.0,22
2019-03-18,8.0,22
2019-03-19,3.0,22
2019-03-20,8.0,22
2019-03-21,4.0,22
2019-03-22,2.0,22
2019-03-23,3.0,22
2019-03-24,2.0,22
2019-03-25,8.0,22
2019-03-26,4.0,22
2019-03-27,3.0,22
2019-03-28,0.0,22
2019-03-29,8.0,22
2019-03-30,7.0,22
2019-03-31,3.0,22
2019-04-01,2.0,22
2019-04-02,0.0,22
2019-04-03,3.0,22
2019-04-04,6.0,22
2019-04-05,2.0,22
2019-04-06,7.0,22
2019-04-07,3.0,22
2019-04-08,6.0,22
2019-04-09,0.0,22
2019-04-10,3.0,22
2019-04-11,6.0,22
2019-04-12,10.0,22
2019-04-13,2.0,22
2019-04-14,5.0,22
2019-04-15,1.0,22
2019-04-16,7.0,22
2019-04-17,0.0,22
2019-04-18,4.0,22
2019-04-19,10.0,22
2019-04-20,11.0,22
2019-04-21,2.0,22
2019-04-22,7.0,22
2019-04-23,4.0,22
2019-04-24,1.0,22
2019-04-25,3.0,22
2019-04-26,0.0,22
2019-04-27,3.0,22
2019-04-28,2.0,22
2019-04-29,1.0,22
2019-04-30,1.0,22
2019-05-01,5.0,22
2019-05-02,0.0,22
2019-05-03,4.0,22
2019-05-04,5.0,22
2019-05-05,2.0,22
2019-05-06,2.0,22
2019-05-07,1.0,22
2019-05-08,1.0,22
2019-05-09,1.0,22
2019-05-10,5.0,22
2019-05-11,5.0,22
2019-05-12,3.0,22
2019-05-13,3.0,22
2019-05-14,4.0,22
2019-05-15,1.0,23
2019-05-16,4.0,23
2019-05-17,3.0,23
2019-05-18,4.0,23
2019-05-19,1.0,23
2019-05-20,1.0,23
2019-05-21,2.0,23
2019-05-22,6.0,23
2019-05-23,4.0,23
2019-05-24,4.0,23
2019-05-25,7.0,23
2019-05-26,6.0,23
2019-05-27,6.0,23
2019-05-28,4.0,23
2019-05-29,1.0,23
2019-05-30,6.0,23
2019-05-31,3.0,23
2019-06-01,1.0,23
2019-06-02,5.0,23
2019-06-03,2.0,23
2019-06-04,6.0,23
2019-06-05,1.0,23
2019-06-06,4.0,23
2019-06-07,0.0,23
2019-06-08,5.0,23
2019-06-09,5.0,23
2019-06-10,1.0,23
2019-06-11,1.0,23
2019-06-12,3.0,23
2019-06-13,6.0,23
2019-06-14,0.0,23
2019-06-15,6.0,23
2019-06-16,7.0,23
2019-06-17,1.0,23
2019-06-18,3.0,23
2019-06-19,9.0,23
2019-06-20,0.0,23
2019-06-21,11.0,23
2019-06-22,9.0,23
2019-06-23,4.0,23
2019-06-24,1.0,23
2019-06-25,2.0,23
2019-06-26,8.0,23
2019-06-27,4.0,23
2019-06-28,6.0,23
2019-06-29,1.0,23
2019-06-30,3.0,23
2019-07-01,7.0,23
2019-07-02,0.0,23
2019-07-03,0.0,23
2019-07-04,1.0,23
2019-07-05,4.0,23
2019-07-06,5.0,23
2019-07-07,5.0,23
2019-07-08,2.0,23
2019-07-09,2.0,23
2019-07-10,4.0,23
2019-07-11,2.0,23
2019-07-12,2.0,23
2019-07-13,4.0,23
2019-07-14,3.0,23
2019-07-15,5.0,23
2019-07-16,2.0,23
2019-07-17,5.0,23
2019-07-18,2.0,23
2019-07-19,7.0,23
2019-07-20,3.0,23
2019-07-21,1.0,23
2019-07-22,1.0,23
2019-07-23,2.0,23
2019-07-24,3.0,23
2019-07-25,1.0,23
2019-07-26,5.0,23
2019-07-27,7.0,23
2019-07-28,17.0,23
2019-07-29,3.0,23
2019-07-30,3.0,23
2019-07-31,0.0,23
2019-08-01,7.0,23
2019-08-02,2.0,23
2019-08-03,11.0,23
2019-08-04,11.0,23
2019-08-05,9.0,23
2019-08-06,12.0,23
2019-08-07,7.0,23
2019-08-08,5.0,23
2019-08-09,6.0,23
2019-08-10,7.0,23
2019-08-11,13.0,23
2019-08-12,8.0,23
2019-08-13,7.0,23
2019-08-14,1.0,23
2019-08-15,4.0,23
2019-08-16,10.0,23
2019-08-17,4.0,23
2019-08-18,4.0,23
2019-08-19,0.0,23
2019-08-20,2.0,23
2019-08-21,8.0,23
2019-08-22,0.0,23
2019-08-23,9.0,23
2019-08-24,1.0,23
2019-08-25,16.0,23
2019-08-26,7.0,23
2019-08-27,3.0,23
2019-08-28,3.0,23
2019-08-29,2.0,23
2019-08-30,5.0,23
2019-08-31,3.0,23
2019-09-01,4.0,23
2019-09-02,3.0,23
2019-09-03,4.0,23
2019-09-04,1.0,23
2019-09-05,2.0,23
2019-09-06,6.0,23
2019-09-07,11.0,23
2019-09-08,5.0,23
2019-09-09,1.0,23
2019-09-10,2.0,23
2019-09-11,6.0,23
2019-09-12,2.0,23
2019-09-13,4.0,23
2019-09-14,6.0,23
2019-09-15,2.0,23
2019-09-16,6.0,23
2019-09-17,5.0,23
2019-09-18,5.0,23
2019-09-19,3.0,23
2019-09-20,5.0,23
2019-09-21,2.0,23
2019-09-22,1.0,23
2019-09-23,1.0,23
2019-09-24,6.0,23
2019-09-25,4.0,23
2019-09-26,2.0,23
2019-09-27,2.0,23
2019-09-28,4.0,23
2019-09-29,7.0,23
2019-09-30,4.0,23
2019-10-01,1.0,23
2019-10-02,1.0,23
2019-10-03,3.0,23
2019-10-04,5.0,23
2019-10-05,5.0,23
2019-10-06,1.0,23
2019-10-07,8.0,23
2019-10-08,5.0,23
2019-10-09,6.0,23
2019-10-10,4.0,23
2019-10-11,9.0,23
2019-10-12,9.0,23
2019-10-13,4.0,23
2019-10-14,2.0,23
2019-10-15,2.0,23
2019-10-16,13.0,23
2019-10-17,5.0,23
2019-10-18,2.0,23
2019-10-19,6.0,23
2019-10-20,3.0,23
2019-10-21,2.0,23
2019-10-22,5.0,23
2019-10-23,3.0,23
2019-10-24,1.0,23
2019-10-25,2.0,23
2019-10-26,18.0,23
2019-10-27,7.0,23
2019-10-28,1.0,23
2019-10-29,1.0,23
2019-10-30,3.0,23
2019-10-31,4.0,23
2019-11-01,14.0,23
2019-11-02,4.0,23
2019-11-03,4.0,23
2019-11-04,2.0,23
2019-11-05,0.0,23
2019-11-06,4.0,23
2019-11-07,11.0,23
2019-11-08,1.0,23
2019-11-09,10.0,23
2019-11-10,4.0,23
2019-11-11,5.0,23
2019-11-12,2.0,23
2019-11-13,6.0,23
2019-11-14,1.0,23
2019-11-15,7.0,23
2019-11-16,8.0,23
2019-11-17,11.0,23
2019-11-18,2.0,23
2019-11-19,0.0,23
2019-11-20,1.0,23
2019-11-21,3.0,23
2019-11-22,10.0,23
2019-11-23,5.0,23
2019-11-24,7.0,23
2019-11-25,3.0,23
2019-11-26,2.0,23
2019-11-27,5.0,23
2019-11-28,0.0,23
2019-11-29,8.0,23
2019-11-30,12.0,23
2019-12-01,6.0,23
2019-12-02,6.0,23
2019-12-03,1.0,23
2019-12-04,1.0,23
2019-12-05,3.0,23
2019-12-06,0.0,23
2019-12-07,12.0,23
2019-12-08,8.0,23
2019-12-09,2.0,23
2019-12-10,4.0,23
2019-12-11,6.0,23
2019-12-12,5.0,23
2019-12-13,2.0,23
2019-12-14,3.0,23
2019-12-15,16.0,23
2019-12-16,8.0,23
2019-12-17,17.0,23
2019-12-18,7.0,23
2019-12-19,12.0,23
2019-12-20,13.0,23
2019-12-21,18.0,23
2019-12-22,12.0,23
2019-12-23,10.0,23
2019-12-24,9.0,23
2019-12-25,0.0,23
2019-12-26,8.0,23
2019-12-27,4.0,23
2019-12-28,0.0,23
2019-12-29,6.0,23
2019-12-30,2.0,23
2019-12-31,4.0,23
2020-01-01,0.0,23
2020-01-02,5.0,23
2020-01-03,5.0,23
2020-01-04,1.0,23
2020-01-05,8.0,23
2020-01-06,3.0,23
2020-01-07,5.0,23
2020-01-08,11.0,23
2020-01-09,2.0,23
2020-01-10,8.0,23
2020-01-11,10.0,23
2020-01-12,2.0,23
2020-01-13,1.0,23
2020-01-14,7.0,23
2020-01-15,0.0,23
2020-01-16,6.0,23
2020-01-17,6.0,23
2020-01-18,5.0,23
2020-01-19,1.0,23
2020-01-20,6.0,23
2020-01-21,0.0,23
2020-01-22,1.0,23
2020-01-23,1.0,23
2020-01-24,2.0,23
2020-01-25,5.0,23
2020-01-26,8.0,23
2020-01-27,0.0,23
2020-01-28,2.0,23
2020-01-29,0.0,23
2020-01-30,7.0,23
2020-01-31,1.0,23
2020-02-01,5.0,23
2020-02-02,3.0,23
2020-02-03,2.0,23
2020-02-04,2.0,23
2020-02-05,11.0,23
2020-02-06,2.0,23
2020-02-07,12.0,23
2020-02-08,3.0,23
2020-02-09,3.0,23
2020-02-10,8.0,23
2020-02-11,3.0,23
2020-02-12,1.0,23
2020-02-13,1.0,23
2020-02-14,6.0,23
2020-02-15,4.0,23
2020-02-16,4.0,23
2020-02-17,6.0,23
2020-02-18,2.0,23
2020-02-19,1.0,23
2020-02-20,1.0,23
2020-02-21,0.0,23
2020-02-22,10.0,23
2020-02-23,3.0,23
2020-02-24,6.0,23
2020-02-25,6.0,23
2020-02-26,6.0,23
2020-02-27,2.0,23
2020-02-28,6.0,23
2020-02-29,14.0,23
2020-03-01,4.0,23
2020-03-02,7.0,23
2020-03-03,4.0,23
2020-03-04,7.0,23
2020-03-05,10.0,23
2020-03-06,3.0,23
2020-03-07,7.0,23
2020-03-08,6.0,23
2020-03-09,1.0,23
2020-03-10,0.0,23
2020-03-11,2.0,23
2020-03-12,9.0,23
2020-03-13,3.0,23
2020-03-14,15.0,23
2020-03-15,5.0,23
2020-03-16,2.0,23
2020-03-17,1.0,23
2020-03-18,3.0,23
2020-03-19,0.0,23
2020-03-20,,23
2020-03-21,,23
2020-03-22,,23
2020-03-23,,23
2020-03-24,,23
2020-03-25,,23
2020-03-26,,23
2020-03-27,,23
2020-03-28,,23
2020-03-29,,23
2020-03-30,,23
2020-03-31,,23
2020-04-01,,23
2020-04-02,,23
2020-04-03,,23
2020-04-04,,23
2020-04-05,,23
2020-04-06,,23
2020-04-07,,23
2020-04-08,,23
2020-04-09,,23
2020-04-10,,23
2020-04-11,,23
2020-04-12,,23
2020-04-13,,23
2020-04-14,,23
2020-04-15,,23
2020-04-16,,23
2020-04-17,,23
2020-04-18,,23
2020-04-19,,23
2020-04-20,,23
2020-04-21,,23
2020-04-22,,23
2020-04-23,,23
2020-04-24,,23
2020-04-25,,23
2020-04-26,,23
2020-04-27,,23
2020-04-28,,23
2020-04-29,,23
2020-04-30,,23
2020-05-01,,23
2020-05-02,,23
2020-05-03,,23
2020-05-04,,23
2020-05-05,,23
2020-05-06,,23
2020-05-07,,23
2020-05-08,7.0,23
2020-05-09,4.0,23
2020-05-10,7.0,23
2020-05-11,0.0,23
2020-05-12,0.0,23
2020-05-13,3.0,23
2020-05-14,1.0,23
2020-05-15,5.0,23
2020-05-16,2.0,23
2020-05-17,4.0,23
2020-05-18,2.0,23
2020-05-19,1.0,23
2020-05-20,10.0,23
2020-05-21,5.0,23
2020-05-22,1.0,23
2020-05-23,4.0,23
2020-05-24,6.0,23
2020-05-25,2.0,23
2020-05-26,11.0,23
2020-05-27,3.0,23
2020-05-28,9.0,23
2020-05-29,1.0,23
2020-05-30,6.0,23
2020-05-31,2.0,23
2020-06-01,2.0,23
2020-06-02,4.0,23
2020-06-03,5.0,23
2020-06-04,5.0,23
2020-06-05,4.0,23
2020-06-06,3.0,23
2020-06-07,7.0,23
2020-06-08,6.0,23
2020-06-09,0.0,23
2020-06-10,6.0,23
2020-06-11,2.0,23
2020-06-12,3.0,23
2020-06-13,7.0,23
2020-06-14,8.0,23
2020-06-15,6.0,23
2020-06-16,11.0,23
2020-06-17,0.0,23
2020-06-18,2.0,23
2020-06-19,8.0,23
2020-06-20,7.0,23
2020-06-21,12.0,23
2020-06-22,7.0,23
2020-06-23,6.0,23
2020-06-24,2.0,23
2020-06-25,4.0,23
2020-06-26,11.0,23
2020-06-27,11.0,23
2020-06-28,4.0,23
2020-06-29,0.0,23
2020-06-30,0.0,23
2020-07-01,3.0,23
2020-07-02,10.0,23
2020-07-03,2.0,23
2020-07-04,2.0,23
2020-07-05,2.0,23
2020-07-06,4.0,23
2020-07-07,9.0,23
2020-07-08,8.0,23
2020-07-09,6.0,23
2020-07-10,1.0,23
2020-07-11,7.0,23
2020-07-12,3.0,23
2020-07-13,10.0,23
2020-07-14,0.0,23
2020-07-15,5.0,23
2020-07-16,5.0,23
2020-07-17,4.0,23
2020-07-18,7.0,23
2020-07-19,5.0,23
2020-07-20,5.0,23
2020-07-21,1.0,23
2020-07-22,1.0,23
2020-07-23,3.0,23
2020-07-24,4.0,23
2020-07-25,4.0,23
2020-07-26,10.0,23
2020-07-27,6.0,23
2020-07-28,6.0,23
2020-07-29,4.0,23
2020-07-30,6.0,23
2020-07-31,5.0,23
2020-08-01,9.0,23
2020-08-02,3.0,23
2020-08-03,6.0,23
2020-08-04,6.0,23
2020-08-05,5.0,23
2020-08-06,5.0,23
2020-08-07,1.0,23
2020-08-08,10.0,23
2020-08-09,6.0,23
2020-08-10,4.0,23
2020-08-11,7.0,23
2020-08-12,2.0,23
2020-08-13,7.0,23
2020-08-14,12.0,23
2020-08-15,13.0,23
2020-08-16,4.0,23
2020-08-17,7.0,23
2020-08-18,2.0,23
2020-08-19,4.0,23
2020-08-20,6.0,23
2020-08-21,6.0,23
2020-08-22,10.0,23
2020-08-23,5.0,23
2020-08-24,2.0,23
2020-08-25,4.0,23
2020-08-26,7.0,23
2020-08-27,10.0,23
2020-08-28,4.0,23
2020-08-29,8.0,23
2020-08-30,8.0,23
2020-08-31,10.0,23
2020-09-01,6.0,23
2020-09-02,3.0,23
2020-09-03,1.0,23
2020-09-04,7.0,23
2020-09-05,2.0,23
2020-09-06,3.0,23
2020-09-07,1.0,23
2020-09-08,7.0,23
2020-09-09,5.0,23
2020-09-10,6.0,23
2020-09-11,7.0,23
2020-09-12,17.0,23
2020-09-13,15.0,23
2020-09-14,6.0,23
2020-09-15,3.0,23
2020-09-16,7.0,23
2020-09-17,7.0,23
2020-09-18,10.0,23
2020-09-19,15.0,23
2020-09-20,5.0,23
2020-09-21,5.0,24
2020-09-22,2.0,24
2020-09-23,3.0,24
2020-09-24,3.0,24
2020-09-25,9.0,24
2020-09-26,6.0,24
2020-09-27,3.0,24
2020-09-28,9.0,24
2020-09-29,9.0,24
2020-09-30,1.0,24
2020-10-01,0.0,24
2020-10-02,14.0,24
2020-10-03,15.0,24
2020-10-04,2.0,24
2020-10-05,2.0,24
2020-10-06,5.0,24
2020-10-07,7.0,24
2020-10-08,16.0,24
2020-10-09,2.0,24
2020-10-10,14.0,24
2020-10-11,8.0,24
2020-10-12,4.0,24
2020-10-13,5.0,24
2020-10-14,4.0,24
2020-10-15,7.0,24
2020-10-16,2.0,24
2020-10-17,5.0,24
2020-10-18,4.0,24
2020-10-19,3.0,24
2020-10-20,10.0,24
2020-10-21,16.0,24
2020-10-22,11.0,24
2020-10-23,8.0,24
2020-10-24,4.0,24
2020-10-25,14.0,24
2020-10-26,8.0,24
2020-10-27,9.0,24
2020-10-28,4.0,24
2020-10-29,4.0,24
2020-10-30,6.0,24
2020-10-31,5.0,24
2020-11-01,10.0,24
2020-11-02,3.0,24
2020-11-03,4.0,24
2020-11-04,2.0,24
2020-11-05,10.0,24
2020-11-06,6.0,24
2020-11-07,21.0,24
2020-11-08,12.0,24
2020-11-09,5.0,24
2020-11-10,1.0,24
2020-11-11,6.0,24
2020-11-12,5.0,24
2020-11-13,3.0,24
2020-11-14,9.0,24
2020-11-15,4.0,24
2020-11-16,6.0,24
2020-11-17,5.0,24
2020-11-18,6.0,24
2020-11-19,0.0,24
2020-11-20,3.0,24
2020-11-21,11.0,24
2020-11-22,0.0,24
2020-11-23,11.0,24
2020-11-24,4.0,24
2020-11-25,9.0,24
2020-11-26,3.0,24
2020-11-27,4.0,24
2020-11-28,6.0,24
2020-11-29,4.0,24
2020-11-30,2.0,24
2020-12-01,1.0,24
2020-12-02,4.0,24
2020-12-03,7.0,24
2020-12-04,7.0,24
2020-12-05,10.0,24
2020-12-06,6.0,24
2020-12-07,2.0,24
2020-12-08,1.0,24
2020-12-09,3.0,24
2020-12-10,11.0,24
2020-12-11,3.0,24
2020-12-12,7.0,24
2020-12-13,13.0,24
2020-12-14,10.0,24
2020-12-15,14.0,24
2020-12-16,3.0,24
2020-12-17,9.0,24
2020-12-18,10.0,24
2020-12-19,18.0,24
2020-12-20,9.0,24
2020-12-21,10.0,24
2020-12-22,17.0,24
2020-12-23,26.0,24
2020-12-24,15.0,24
2020-12-25,0.0,24
2020-12-26,10.0,24
2020-12-27,7.0,24
2020-12-28,7.0,24
2020-12-29,1.0,24
2020-12-30,5.0,24
2020-12-31,5.0,24
2021-01-01,0.0,24
2021-01-02,10.0,24
2021-01-03,6.0,24
2021-01-04,2.0,24
2021-01-05,5.0,24
2021-01-06,11.0,24
2021-01-07,13.0,24
2021-01-08,6.0,24
2021-01-09,10.0,24
2021-01-10,11.0,24
2021-01-11,10.0,24
2021-01-12,3.0,24
2021-01-13,16.0,24
2021-01-14,5.0,24
2021-01-15,5.0,24
2021-01-16,6.0,24
2021-01-17,10.0,24
2021-01-18,17.0,24
2021-01-19,7.0,24
2021-01-20,3.0,24
2021-01-21,6.0,24
2021-01-22,11.0,24
2021-01-23,5.0,24
2021-01-24,8.0,24
2021-01-25,9.0,24
2021-01-26,6.0,24
2021-01-27,2.0,24
2021-01-28,7.0,24
2021-01-29,4.0,24
2021-01-30,11.0,24
2021-01-31,7.0,24
2021-02-01,7.0,24
2021-02-02,2.0,24
2021-02-03,5.0,24
2021-02-04,12.0,24
2021-02-05,8.0,24
2021-02-06,12.0,24
2021-02-07,9.0,24
2021-02-08,8.0,24
2021-02-09,6.0,24
2021-02-10,8.0,24
2021-02-11,14.0,24
2021-02-12,7.0,24
2021-02-13,6.0,24
2021-02-14,8.0,24
2021-02-15,9.0,24
2021-02-16,4.0,24
2021-02-17,6.0,24
2021-02-18,7.0,24
2021-02-19,6.0,24
2021-02-20,3.0,24
2021-02-21,14.0,24
2021-02-22,6.0,24
2021-02-23,5.0,24
2021-02-24,5.0,24
2021-02-25,13.0,24
2021-02-26,5.0,24
2021-02-27,13.0,24
2021-02-28,7.0,24
2021-03-01,8.0,24
2021-03-02,4.0,24
2021-03-03,2.0,24
2021-03-04,16.0,24
2021-03-05,4.0,24
2021-03-06,11.0,24
2021-03-07,16.0,24
2021-03-08,4.0,24
2021-03-09,7.0,24
2021-03-10,7.0,24
2021-03-11,10.0,24
2021-03-12,4.0,24
2021-03-13,10.0,24
2021-03-14,15.0,24
2021-03-15,8.0,24
2021-03-16,4.0,24
2021-03-17,7.0,24
2021-03-18,4.0,24
2021-03-19,11.0,24
2021-03-20,11.0,24
2021-03-21,10.0,24
2021-03-22,9.0,24
2021-03-23,10.0,24
2021-03-24,11.0,24
2021-03-25,4.0,24
2021-03-26,14.0,24
2021-03-27,6.0,24
2021-03-28,17.0,24
2021-03-29,5.0,24
2021-03-30,3.0,24
2021-03-31,2.0,24
2021-04-01,4.0,24
2021-04-02,9.0,24
2021-04-03,12.0,24
2021-04-04,2.0,24
2021-04-05,6.0,24
2021-04-06,5.0,24
2021-04-07,8.0,24
2021-04-08,7.0,24
2021-04-09,3.0,24
2021-04-10,18.0,24
2021-04-11,12.0,24
2021-04-12,6.0,24
2021-04-13,12.0,24
2021-04-14,4.0,24
2021-04-15,6.0,24
2021-04-16,12.0,24
2021-04-17,6.0,24
2021-04-18,11.0,24
2021-04-19,12.0,24
2021-04-20,6.0,24
2021-04-21,9.0,24
2021-04-22,5.0,24
2021-04-23,2.0,24
2021-04-24,10.0,24
2021-04-25,15.0,24
2021-04-26,2.0,24
2021-04-27,3.0,24
2021-04-28,11.0,24
2021-04-29,15.0,24
2021-04-30,9.0,24
2021-05-01,5.0,24
2021-05-02,4.0,24
2021-05-03,10.0,24
2021-05-04,5.0,24
2021-05-05,3.0,24
2021-05-06,6.0,24
2021-05-07,12.0,24
2021-05-08,13.0,24
2021-05-09,7.0,24
2021-05-10,11.0,24
2021-05-11,10.0,24
2021-05-12,7.0,24
2021-05-13,14.0,24
2021-05-14,5.0,24
2021-05-15,9.0,24
2021-05-16,5.0,24
2021-05-17,5.0,24
2021-05-18,11.0,24
2021-05-19,4.0,24
2021-05-20,9.0,24
2021-05-21,5.0,24
2021-05-22,12.0,24
2021-05-23,6.0,24
2021-05-24,5.0,24
2021-05-25,3.0,24
2021-05-26,10.0,24
2021-05-27,13.0,24
2021-05-28,3.0,24
2021-05-29,4.0,24
2021-05-30,5.0,24
2021-05-31,8.0,24
2021-06-01,8.0,24
2021-06-02,3.0,24
2021-06-03,7.0,24
2021-06-04,9.0,24
2021-06-05,6.0,24
2021-06-06,7.0,24
2021-06-07,4.0,24
2021-06-08,6.0,24
2021-06-09,7.0,24
2021-06-10,7.0,24
2021-06-11,12.0,24
2021-06-12,7.0,24
2021-06-13,10.0,24
2021-06-14,2.0,24
2021-06-15,1.0,24
2021-06-16,3.0,24
2021-06-17,9.0,24
2021-06-18,7.0,24
2021-06-19,8.0,24
2021-06-20,3.0,24
2021-06-21,4.0,24
2021-06-22,5.0,24
2021-06-23,4.0,24
2021-06-24,13.0,24
2021-06-25,7.0,24
2021-06-26,3.0,24
2021-06-27,4.0,24
2021-06-28,7.0,24
2021-06-29,8.0,24
2021-06-30,5.0,24
2021-07-01,7.0,24
2021-07-02,4.0,24
2021-07-03,12.0,24
2021-07-04,3.0,24
2021-07-05,3.0,24
2021-07-06,9.0,24
2021-07-07,3.0,24
2021-07-08,13.0,24
2021-07-09,3.0,24
2021-07-10,9.0,24
2021-07-11,4.0,24
2021-07-12,11.0,24
2021-07-13,2.0,24
2021-07-14,7.0,24
2021-07-15,7.0,24
2021-07-16,15.0,24
2021-07-17,19.0,24
2021-07-18,5.0,24
2021-07-19,7.0,24
2021-07-20,4.0,24
2021-07-21,15.0,24
2021-07-22,4.0,24
2021-07-23,6.0,24
2021-07-24,4.0,24
2021-07-25,8.0,24
2021-07-26,9.0,24
2021-07-27,6.0,24
2021-07-28,6.0,24
2021-07-29,12.0,24
2021-07-30,11.0,24
2021-07-31,7.0,24
2021-08-01,8.0,24
2021-08-02,13.0,24
2021-08-03,13.0,24
2021-08-04,7.0,24
2021-08-05,6.0,24
2021-08-06,11.0,24
2021-08-07,21.0,24
2021-08-08,19.0,24
2021-08-09,27.0,24
2021-08-10,13.0,24
2021-08-11,5.0,24
2021-08-12,3.0,24
2021-08-13,5.0,24
2021-08-14,10.0,24
2021-08-15,11.0,24
2021-08-16,6.0,24
2021-08-17,5.0,24
2021-08-18,9.0,24
2021-08-19,7.0,24
2021-08-20,9.0,24
2021-08-21,2.0,24
2021-08-22,1.0,24
2021-08-23,11.0,24
2021-08-24,9.0,24
2021-08-25,5.0,24
2021-08-26,4.0,24
2021-08-27,6.0,24
2021-08-28,2.0,24
2021-08-29,3.0,24
2021-08-30,11.0,24
2021-08-31,10.0,24
2021-09-01,3.0,27
2021-09-02,5.0,27
2021-09-03,6.0,27
2021-09-04,6.0,27
2021-09-05,9.0,27
2021-09-06,3.0,27
2021-09-07,4.0,27
2021-09-08,9.0,27
2021-09-09,10.0,27
2021-09-10,6.0,27
2021-09-11,20.0,27
2021-09-12,10.0,27
2021-09-13,2.0,27
2021-09-14,12.0,27
2021-09-15,8.0,27
2021-09-16,8.0,27
2021-09-17,2.0,27
2021-09-18,13.0,27
2021-09-19,9.0,27
2021-09-20,6.0,27
2021-09-21,1.0,27
2021-09-22,5.0,27
2021-09-23,4.0,27
2021-09-24,7.0,27
2021-09-25,9.0,27
2021-09-26,6.0,27
2021-09-27,6.0,27
2021-09-28,0.0,27
2021-09-29,3.0,27
2021-09-30,8.0,27
2021-10-01,2.0,27
2021-10-02,7.0,27
2021-10-03,8.0,27
2021-10-04,3.0,27
2021-10-05,12.0,27
2021-10-06,5.0,27
2021-10-07,7.0,27
2021-10-08,7.0,27
2021-10-09,7.0,27
2021-10-10,11.0,27
2021-10-11,5.0,27
2021-10-12,9.0,27
2021-10-13,4.0,27
2021-10-14,5.0,27
2021-10-15,6.0,27
2021-10-16,7.0,27
2021-10-17,7.0,27
2021-10-18,9.0,27
2021-10-19,3.0,27
2021-10-20,10.0,27
2021-10-21,4.0,27
2021-10-22,5.0,27
2021-10-23,8.0,27
2021-10-24,3.0,27
2021-10-25,3.0,27
2021-10-26,7.0,27
2021-10-27,8.0,27
2021-10-28,6.0,27
2021-10-29,2.0,27
2021-10-30,15.0,27
2021-10-31,3.0,27
2021-11-01,2.0,27
2021-11-02,5.0,27
2021-11-03,1.0,27
2021-11-04,4.0,27
2021-11-05,3.0,27
2021-11-06,9.0,27
2021-11-07,7.0,27
2021-11-08,11.0,27
2021-11-09,9.0,27
2021-11-10,6.0,27
2021-11-11,4.0,27
2021-11-12,6.0,27
2021-11-13,7.0,27
2021-11-14,4.0,27
2021-11-15,7.0,27
2021-11-16,6.0,27
2021-11-17,5.0,27
2021-11-18,9.0,27
2021-11-19,5.0,27
2021-11-20,8.0,27
2021-11-21,10.0,27
2021-11-22,0.0,27
2021-11-23,4.0,27
2021-11-24,12.0,27
2021-11-25,2.0,27
2021-11-26,11.0,27
2021-11-27,10.0,27
2021-11-28,6.0,27
2021-11-29,9.0,27
2021-11-30,4.0,27
2021-12-01,7.0,27
2021-12-02,6.0,27
2021-12-03,8.0,27
2021-12-04,9.0,27
2021-12-05,10.0,27
2021-12-06,3.0,27
2021-12-07,9.0,27
2021-12-08,3.0,27
2021-12-09,7.0,27
2021-12-10,6.0,27
2021-12-11,19.0,27
2021-12-12,15.0,27
2021-12-13,12.0,27
2021-12-14,3.0,27
2021-12-15,4.0,27
2021-12-16,14.0,27
2021-12-17,6.0,27
2021-12-18,12.0,27
2021-12-19,23.0,27
2021-12-20,9.0,27
2021-12-21,18.0,27
2021-12-22,14.0,27
2021-12-23,22.0,27
2021-12-24,18.0,27
2021-12-25,0.0,27
2021-12-26,7.0,27
2021-12-27,14.0,27
2021-12-28,12.0,27
2021-12-29,2.0,27
2021-12-30,10.0,27
2021-12-31,5.0,27
2022-01-01,0.0,27
2022-01-02,8.0,27
2022-01-03,1.0,27
2022-01-04,5.0,27
2022-01-05,10.0,27
2022-01-06,4.0,27
2022-01-07,10.0,27
2022-01-08,13.0,27
2022-01-09,9.0,27
2022-01-10,5.0,27
2022-01-11,4.0,27
2022-01-12,3.0,27
2022-01-13,4.0,27
2022-01-14,4.0,27
2022-01-15,8.0,27
2022-01-16,12.0,27
2022-01-17,8.0,27
2022-01-18,5.0,27
2022-01-19,4.0,27
2022-01-20,3.0,27
2022-01-21,11.0,27
2022-01-22,6.0,27
2022-01-23,5.0,27
2022-01-24,7.0,27
2022-01-25,3.0,27
2022-01-26,7.0,27
2022-01-27,2.0,27
2022-01-28,8.0,27
2022-01-29,9.0,27
2022-01-30,10.0,27
2022-01-31,10.0,27
2022-02-01,2.0,27
2022-02-02,1.0,27
2022-02-03,3.0,27
2022-02-04,6.0,27
2022-02-05,1.0,27
2022-02-06,13.0,27
2022-02-07,3.0,27
2022-02-08,4.0,27
2022-02-09,0.0,27
2022-02-10,5.0,27
2022-02-11,5.0,27
2022-02-12,7.0,27
2022-02-13,10.0,27
2022-02-14,3.0,27
2022-02-15,0.0,27
2022-02-16,3.0,27
2022-02-17,1.0,27
2022-02-18,8.0,27
2022-02-19,24.0,27
2022-02-20,10.0,27
2022-02-21,9.0,27
2022-02-22,20.0,27
2022-02-23,1.0,27
2022-02-24,8.0,27
2022-02-25,6.0,27
2022-02-26,16.0,27
2022-02-27,10.0,27
2022-02-28,3.0,27
2022-03-01,2.0,27
2022-03-02,1.0,27
2022-03-03,5.0,27
2022-03-04,4.0,27
2022-03-05,15.0,27
2022-03-06,23.0,27
2022-03-07,5.0,27
2022-03-08,4.0,27
2022-03-09,14.0,27
2022-03-10,4.0,27
2022-03-11,5.0,27
2022-03-12,13.0,27
2022-03-13,10.0,27
2022-03-14,10.0,27
2022-03-15,4.0,27
2022-03-16,7.0,27
2022-03-17,2.0,27
2022-03-18,7.0,27
2022-03-19,25.0,27
2022-03-20,10.0,27
2022-03-21,7.0,27
2022-03-22,4.0,27
2022-03-23,7.0,27
2022-03-24,5.0,27
2022-03-25,5.0,27
2022-03-26,7.0,27
2022-03-27,10.0,27
2022-03-28,3.0,27
2022-03-29,6.0,27
2022-03-30,14.0,27
2022-03-31,4.0,27
2022-04-01,3.0,27
2022-04-02,8.0,27
2022-04-03,13.0,27
2022-04-04,11.0,27
2022-04-05,5.0,27
2022-04-06,5.0,27
2022-04-07,10.0,27
2022-04-08,13.0,27
2022-04-09,11.0,27
2022-04-10,6.0,27
2022-04-11,1.0,27
2022-04-12,0.0,27
2022-04-13,7.0,27
2022-04-14,4.0,27
2022-04-15,10.0,27
2022-04-16,9.0,27
2022-04-17,3.0,27
2022-04-18,4.0,27
2022-04-19,3.0,27
2022-04-20,10.0,27
2022-04-21,3.0,27
2022-04-22,6.0,27
2022-04-23,8.0,27
2022-04-24,10.0,27
2022-04-25,10.0,27
2022-04-26,6.0,27
2022-04-27,5.0,27
2022-04-28,2.0,27
2022-04-29,8.0,27
2022-04-30,5.0,27
2022-05-01,7.0,27
2022-05-02,1.0,27
2022-05-03,3.0,27
2022-05-04,4.0,27
2022-05-05,5.0,27
2022-05-06,3.0,27
2022-05-07,11.0,27
2022-05-08,7.0,27
2022-05-09,9.0,27
2022-05-10,2.0,27
2022-05-11,8.0,27
2022-05-12,5.0,27
2022-05-13,2.0,27
2022-05-14,7.0,27
2022-05-15,5.0,27
2022-05-16,6.0,27
2022-05-17,6.0,27
2022-05-18,7.0,27
2022-05-19,7.0,27
2022-05-20,8.0,27
2022-05-21,10.0,27
2022-05-22,13.0,27
2022-05-23,2.0,27
2022-05-24,7.0,27
2022-05-25,6.0,27
2022-05-26,2.0,27
2022-05-27,5.0,27
2022-05-28,13.0,27
2022-05-29,9.0,27
2022-05-30,9.0,27
2022-05-31,4.0,27
2022-06-01,5.0,27
2022-06-02,6.0,27
2022-06-03,9.0,27
2022-06-04,4.0,27
2022-06-05,4.0,27
2022-06-06,11.0,27
2022-06-07,5.0,27
2022-06-08,6.0,27
2022-06-09,2.0,27
2022-06-10,7.0,27
2022-06-11,10.0,27
2022-06-12,7.0,27
2022-06-13,7.0,27
2022-06-14,8.0,27
2022-06-15,2.0,27
2022-06-16,3.0,27
2022-06-17,7.0,27
2022-06-18,4.0,27
2022-06-19,11.0,27
2022-06-20,7.0,27
2022-06-21,3.0,27
2022-06-22,0.0,27
2022-06-23,1.0,27
2022-06-24,3.0,27
2022-06-25,9.0,27
2022-06-26,6.0,27
2022-06-27,6.0,27
2022-06-28,13.0,27
2022-06-29,4.0,27
2022-06-30,1.0,27
2022-07-01,5.0,27
2022-07-02,4.0,27
2022-07-03,1.0,27
2022-07-04,18.0,27
2022-07-05,7.0,27
2022-07-06,2.0,27
2022-07-07,4.0,27
2022-07-08,8.0,27
2022-07-09,9.0,27
2022-07-10,5.0,27
2022-07-11,11.0,27
2022-07-12,9.0,27
2022-07-13,7.0,27
2022-07-14,1.0,27
2022-07-15,13.0,27
2022-07-16,10.0,27
2022-07-17,5.0,27
2022-07-18,6.0,27
2022-07-19,6.0,27
2022-07-20,0.0,27
2022-07-21,3.0,27
2022-07-22,2.0,27
2022-07-23,18.0,27
2022-07-24,4.0,27
2022-07-25,8.0,27
2022-07-26,5.0,27
2022-07-27,4.0,27
2022-07-28,8.0,27
2022-07-29,6.0,27
2022-07-30,14.0,27
2022-07-31,11.0,27
2022-08-01,8.0,27
2022-08-02,15.0,27
2022-08-03,12.0,27
2022-08-04,13.0,27
2022-08-05,29.0,27
2022-08-06,26.0,27
2022-08-07,20.0,27
2022-08-08,18.0,27
2022-08-09,7.0,27
2022-08-10,8.0,27
2022-08-11,6.0,27
2022-08-12,5.0,27
2022-08-13,19.0,27
2022-08-14,11.0,27
2022-08-15,11.0,27
2022-08-16,9.0,27
2022-08-17,9.0,27
2022-08-18,6.0,27
2022-08-19,7.0,27
2022-08-20,8.0,27
2022-08-21,3.0,27
2022-08-22,3.0,27
2022-08-23,4.0,27
2022-08-24,13.0,27
2022-08-25,3.0,27
2022-08-26,5.0,27
2022-08-27,13.0,27
2022-08-28,15.0,27
2022-08-29,15.0,27
2022-08-30,1.0,27
2022-08-31,9.0,27
2022-09-01,0.0,27
2022-09-02,14.0,27
2022-09-03,7.0,27
2022-09-04,7.0,27
2022-09-05,11.0,27
2022-09-06,3.0,27
2022-09-07,4.0,27
2022-09-08,15.0,27
2022-09-09,4.0,27
2022-09-10,3.0,27
2022-09-11,2.0,27
2022-09-12,6.0,27
2022-09-13,8.0,27
2022-09-14,6.0,27
2022-09-15,2.0,27
2022-09-16,6.0,27
2022-09-17,3.0,27
2022-09-18,7.0,27
2022-09-19,2.0,27
2022-09-20,9.0,27
2022-09-21,5.0,27
2022-09-22,4.0,27
2022-09-23,4.0,27
2022-09-24,8.0,27
2022-09-25,1.0,27
2022-09-26,3.0,27
2022-09-27,6.0,27
2022-09-28,2.0,27
2022-09-29,8.0,27
2022-09-30,3.0,27
2022-10-01,3.0,27
2022-10-02,11.0,27
2022-10-03,12.0,27
2022-10-04,9.0,27
2022-10-05,8.0,27
2022-10-06,12.0,27
2022-10-07,7.0,27
2022-10-08,22.0,27
2022-10-09,9.0,27
2022-10-10,4.0,27
2022-10-11,8.0,27
2022-10-12,10.0,27
2022-10-13,5.0,27
2022-10-14,4.0,27
2022-10-15,11.0,27
2022-10-16,16.0,27
2022-10-17,2.0,27
2022-10-18,6.0,27
2022-10-19,2.0,27
2022-10-20,0.0,27
2022-10-21,5.0,27
2022-10-22,23.0,27
2022-10-23,13.0,27
2022-10-24,1.0,27
2022-10-25,5.0,27
2022-10-26,0.0,27
2022-10-27,8.0,27
2022-10-28,9.0,27
2022-10-29,11.0,27
2022-10-30,12.0,27
2022-10-31,7.0,27
2022-11-01,11.0,27
2022-11-02,4.0,27
2022-11-03,2.0,27
2022-11-04,4.0,27
2022-11-05,8.0,27
2022-11-06,11.0,27
2022-11-07,7.0,27
2022-11-08,4.0,27
2022-11-09,8.0,27
2022-11-10,7.0,27
2022-11-11,4.0,27
2022-11-12,5.0,27
2022-11-13,14.0,27
2022-11-14,8.0,27
2022-11-15,6.0,27
2022-11-16,1.0,27
2022-11-17,0.0,27
2022-11-18,12.0,27
2022-11-19,18.0,27
2022-11-20,7.0,27
2022-11-21,15.0,27
2022-11-22,4.0,27
2022-11-23,7.0,27
2022-11-24,4.0,27
2022-11-25,11.0,27
2022-11-26,9.0,27
2022-11-27,10.0,27
2022-11-28,9.0,27
2022-11-29,5.0,27
2022-11-30,3.0,27
2022-12-01,3.0,27
2022-12-02,7.0,27
2022-12-03,7.0,27
2022-12-04,8.0,27
2022-12-05,7.0,27
2022-12-06,6.0,27
2022-12-07,8.0,27
2022-12-08,3.0,27
2022-12-09,5.0,27
2022-12-10,6.0,27
2022-12-11,17.0,27
2022-12-12,7.0,27
2022-12-13,13.0,27
2022-12-14,5.0,27
2022-12-15,7.0,27
2022-12-16,14.0,27
2022-12-17,13.0,27
2022-12-18,10.0,27
2022-12-19,14.0,27
2022-12-20,14.0,27
2022-12-21,11.0,27
2022-12-22,12.0,27
2022-12-23,26.0,27
2022-12-24,13.0,27
2022-12-25,0.0,27
2022-12-26,13.0,27
2022-12-27,8.0,27
2022-12-28,9.0,27
2022-12-29,3.0,27
2022-12-30,13.0,27
2022-12-31,12.0,27
2023-01-01,0.0,27
2023-01-02,9.0,27
2023-01-03,7.0,27
2023-01-04,7.0,27
2023-01-05,3.0,27
2023-01-06,12.0,27
2023-01-07,17.0,27
2023-01-08,18.0,27
2023-01-09,4.0,27
2023-01-10,2.0,27
2023-01-11,4.0,27
2023-01-12,4.0,27
2023-01-13,4.0,27
2023-01-14,17.0,27
2023-01-15,14.0,27
2023-01-16,13.0,27
2023-01-17,6.0,27
2023-01-18,4.0,27
2023-01-19,2.0,27
2023-01-20,15.0,27
2023-01-21,7.0,27
2023-01-22,8.0,27
2023-01-23,6.0,27
2023-01-24,10.0,27
2023-01-25,3.0,27
2023-01-26,2.0,27
2023-01-27,5.0,27
2023-01-28,6.0,27
2023-01-29,12.0,27
2023-01-30,2.0,27
2023-01-31,3.0,27
2023-02-01,3.0,27
2023-02-02,0.0,27
2023-02-03,7.0,27
2023-02-04,21.0,27
2023-02-05,22.0,27
2023-02-06,0.0,27
2023-02-07,2.0,27
2023-02-08,0.0,27
2023-02-09,0.0,27
2023-02-10,8.0,27
2023-02-11,5.0,27
2023-02-12,3.0,27
2023-02-13,7.0,27
2023-02-14,9.0,27
2023-02-15,4.0,27
2023-02-16,11.0,27
2023-02-17,12.0,27
2023-02-18,3.0,27
2023-02-19,9.0,27
2023-02-20,2.0,27
2023-02-21,4.0,27
2023-02-22,4.0,27
2023-02-23,2.0,27
2023-02-24,10.0,27
2023-02-25,9.0,27
2023-02-26,20.0,27
2023-02-27,2.0,27
2023-02-28,10.0,27
2023-03-01,4.0,27
2023-03-02,4.0,27
2023-03-03,6.0,27
2023-03-04,9.0,27
2023-03-05,17.0,27
2023-03-06,10.0,27
2023-03-07,5.0,27
2023-03-08,7.0,27
2023-03-09,7.0,27
2023-03-10,1.0,27
2023-03-11,13.0,27
2023-03-12,17.0,27
2023-03-13,2.0,27
2023-03-14,11.0,27
2023-03-15,4.0,27
2023-03-16,0.0,27
2023-03-17,6.0,27
2023-03-18,11.0,27
2023-03-19,2.0,27
2023-03-20,9.0,27
2023-03-21,6.0,27
2023-03-22,2.0,27
2023-03-23,2.0,27
2023-03-24,4.0,27
2023-03-25,9.0,27
2023-03-26,9.0,27
2023-03-27,6.0,27
2023-03-28,6.0,27
2023-03-29,10.0,27
2023-03-30,4.0,27
2023-03-31,7.0,27
2023-04-01,11.0,27
2023-04-02,9.0,27
2023-04-03,8.0,27
2023-04-04,0.0,27
2023-04-05,3.0,27
2023-04-06,1.0,27
2023-04-07,6.0,27
2023-04-08,15.0,27
2023-04-09,9.0,27
2023-04-10,5.0,27
2023-04-11,9.0,27
2023-04-12,6.0,27
2023-04-13,7.0,27
2023-04-14,8.0,27
2023-04-15,13.0,27
2023-04-16,7.0,27
2023-04-17,5.0,27
2023-04-18,1.0,27
2023-04-19,0.0,27
2023-04-20,4.0,27
2023-04-21,3.0,27
2023-04-22,9.0,27
2023-04-23,13.0,27
2023-04-24,5.0,27
2023-04-25,4.0,27
2023-04-26,4.0,27
2023-04-27,1.0,27
2023-04-28,7.0,27
2023-04-29,10.0,27
2023-04-30,10.0,27
2023-05-01,4.0,27
2023-05-02,7.0,27
2023-05-03,0.0,27
2023-05-04,7.0,27
2023-05-05,7.0,27
2023-05-06,4.0,27
2023-05-07,4.0,27
2023-05-08,5.0,27
2023-05-09,2.0,27
2023-05-10,6.0,27
2023-05-11,3.0,27
2023-05-12,3.0,27
2023-05-13,10.0,27
2023-05-14,7.0,27
2023-05-15,3.0,27
2023-05-16,12.0,27
2023-05-17,4.0,27
2023-05-18,9.0,27
2023-05-19,6.0,27
2023-05-20,11.0,27
2023-05-21,13.0,27
2023-05-22,1.0,27
2023-05-23,4.0,27
2023-05-24,1.0,27
2023-05-25,3.0,27
2023-05-26,2.0,27
2023-05-27,11.0,27
2023-05-28,13.0,27
2023-05-29,9.0,27
2023-05-30,6.0,27
2023-05-31,5.0,27
2023-06-01,6.0,27
2023-06-02,2.0,27
2023-06-03,6.0,27
2023-06-04,4.0,27
2023-06-05,2.0,27
2023-06-06,7.0,27
2023-06-07,6.0,27
2023-06-08,1.0,27
2023-06-09,4.0,27
2023-06-10,13.0,27
2023-06-11,11.0,27
2023-06-12,5.0,27
2023-06-13,4.0,27
2023-06-14,8.0,27
2023-06-15,5.0,27
2023-06-16,8.0,27
2023-06-17,12.0,27
2023-06-18,7.0,27
2023-06-19,4.0,27
2023-06-20,6.0,27
2023-06-21,5.0,27
2023-06-22,17.0,27
2023-06-23,6.0,27
2023-06-24,12.0,27
2023-06-25,0.0,27
2023-06-26,11.0,27
2023-06-27,5.0,27
2023-06-28,0.0,27
2023-06-29,10.0,27
2023-06-30,1.0,27
2023-07-01,6.0,27
2023-07-02,7.0,27
2023-07-03,7.0,27
2023-07-04,4.0,27
2023-07-05,5.0,27
2023-07-06,12.0,27
2023-07-07,9.0,27
2023-07-08,4.0,27
2023-07-09,6.0,27
2023-07-10,8.0,27
2023-07-11,3.0,27
2023-07-12,3.0,27
2023-07-13,4.0,27
2023-07-14,9.0,27
2023-07-15,9.0,27
2023-07-16,4.0,27
2023-07-17,7.0,27
2023-07-18,1.0,27
2023-07-19,6.0,27
2023-07-20,4.0,27
2023-07-21,8.0,27
2023-07-22,7.0,27
2023-07-23,7.0,27
2023-07-24,13.0,27
2023-07-25,1.0,27
2023-07-26,8.0,27
2023-07-27,2.0,27
2023-07-28,4.0,27
2023-07-29,11.0,27
2023-07-30,18.0,27
2023-07-31,17.0,27
2023-08-01,16.0,27
2023-08-02,4.0,27
2023-08-03,17.0,27
2023-08-04,11.0,27
2023-08-05,33.0,27
2023-08-06,14.0,27
2023-08-07,23.0,27
2023-08-08,11.0,27
2023-08-09,3.0,27
2023-08-10,16.0,27
2023-08-11,8.0,27
2023-08-12,10.0,27
2023-08-13,2.0,27
2023-08-14,5.0,27
2023-08-15,3.0,27
2023-08-16,14.0,27
2023-08-17,4.0,27
2023-08-18,1.0,27
2023-08-19,12.0,27
2023-08-20,9.0,27
2023-08-21,4.0,27
2023-08-22,7.0,27
2023-08-23,2.0,27
2023-08-24,1.0,27
2023-08-25,12.0,27
2023-08-26,6.0,27
2023-08-27,11.0,27
2023-08-28,1.0,27
2023-08-29,5.0,27
2023-08-30,0.0,27
2023-08-31,6.0,27
2023-09-01,2.0,27
2023-09-02,3.0,27
2023-09-03,4.0,27
2023-09-04,9.0,27
2023-09-05,1.0,27
2023-09-06,1.0,27
2023-09-07,2.0,27
2023-09-08,4.0,27
2023-09-09,16.0,27
2023-09-10,6.0,27
2023-09-11,5.0,27
2023-09-12,4.0,27
2023-09-13,4.0,27
2023-09-14,5.0,27
2023-09-15,8.0,27
2023-09-16,6.0,27
2023-09-17,9.0,27
2023-09-18,3.0,27
2023-09-19,5.0,27
2023-09-20,4.0,27
2023-09-21,9.0,27
2023-09-22,9.0,27
2023-09-23,14.0,27
2023-09-24,6.0,27
2023-09-25,3.0,27
2023-09-26,3.0,27
2023-09-27,7.0,27
2023-09-28,2.0,27
2023-09-29,9.0,27
2023-09-30,15.0,27
2023-10-01,2.0,27
2023-10-02,4.0,27
2023-10-03,3.0,27
2023-10-04,4.0,27
2023-10-05,6.0,27
2023-10-06,4.0,27
2023-10-07,9.0,27
2023-10-08,10.0,27
2023-10-09,7.0,27
2023-10-10,0.0,27
2023-10-11,0.0,27
2023-10-12,3.0,27
2023-10-13,6.0,27
2023-10-14,4.0,27
2023-10-15,3.0,27
2023-10-16,9.0,27
2023-10-17,11.0,27
2023-10-18,8.0,27
2023-10-19,9.0,27
2023-10-20,13.0,27
2023-10-21,11.0,27
2023-10-22,14.0,27
2023-10-23,4.0,27
2023-10-24,8.0,27
2023-10-25,4.0,27
2023-10-26,4.0,27
2023-10-27,9.0,27
2023-10-28,13.0,27
2023-10-29,6.0,27
2023-10-30,6.0,27
2023-10-31,4.0,27
2023-11-01,3.0,27
2023-11-02,4.0,27
2023-11-03,4.0,27
2023-11-04,6.0,27
2023-11-05,1.0,27
2023-11-06,2.0,27
2023-11-07,1.0,27
2023-11-08,6.0,27
2023-11-09,8.0,27
2023-11-10,5.0,27
2023-11-11,18.0,27
2023-11-12,8.0,27
2023-11-13,7.0,27
2023-11-14,8.0,27
2023-11-15,12.0,27
2023-11-16,3.0,27
2023-11-17,10.0,27
2023-11-18,10.0,27
2023-11-19,9.0,27
2023-11-20,3.0,27
2023-11-21,6.0,27
2023-11-22,5.0,27
2023-11-23,4.0,27
2023-11-24,6.0,27
2023-11-25,1.0,27
2023-11-26,5.0,27
2023-11-27,5.0,27
2023-11-28,13.0,27
2023-11-29,6.0,27
2023-11-30,5.0,27
2023-12-01,7.0,27
2023-12-02,7.0,27
2023-12-03,10.0,27
2023-12-04,4.0,27
2023-12-05,8.0,27
2023-12-06,3.0,27
2023-12-07,13.0,27
2023-12-08,7.0,27
2023-12-09,8.0,27
2023-12-10,12.0,27
2023-12-11,6.0,27
2023-12-12,3.0,27
2023-12-13,17.0,27
2023-12-14,7.0,27
2023-12-15,5.0,27
2023-12-16,16.0,27
2023-12-17,8.0,27
2023-12-18,7.0,27
2023-12-19,3.0,27
2023-12-20,9.0,27
2023-12-21,16.0,27
2023-12-22,27.0,27
2023-12-23,36.0,27
2023-12-24,13.0,27
2023-12-25,0.0,27
2023-12-26,15.0,27
2023-12-27,4.0,27
2023-12-28,22.0,27
2023-12-29,11.0,27
2023-12-30,8.0,27
2023-12-31,4.0,27
2024-01-01,0.0,27
2024-01-02,9.0,27
2024-01-03,12.0,27
2024-01-04,3.0,27
2024-01-05,4.0,27
2024-01-06,5.0,27
2024-01-07,11.0,27
2024-01-08,7.0,27
2024-01-09,9.0,27
2024-01-10,6.0,27
2024-01-11,12.0,27
2024-01-12,3.0,27
2024-01-13,9.0,27
2024-01-14,15.0,27
2024-01-15,9.0,27
2024-01-16,7.0,27
2024-01-17,4.0,27
2024-01-18,0.0,27
2024-01-19,4.0,27
2024-01-20,7.0,27
2024-01-21,7.0,27
2024-01-22,2.0,27
2024-01-23,4.0,27
2024-01-24,7.0,27
2024-01-25,6.0,27
2024-01-26,4.0,27
2024-01-27,2.0,27
2024-01-28,5.0,27
2024-01-29,6.0,27
2024-01-30,2.0,27
2024-01-31,4.0,27
2024-02-01,3.0,27
2024-02-02,4.0,27
2024-02-03,10.0,27
2024-02-04,9.0,27
2024-02-05,5.0,27
2024-02-06,3.0,27
2024-02-07,3.0,27
2024-02-08,4.0,27
2024-02-09,5.0,27
2024-02-10,5.0,27
2024-02-11,0.0,27
2024-02-12,1.0,27
2024-02-13,4.0,27
2024-02-14,7.0,27
2024-02-15,6.0,27
2024-02-16,15.0,27
2024-02-17,9.0,27
2024-02-18,9.0,27
2024-02-19,9.0,27
2024-02-20,6.0,27
2024-02-21,0.0,27
2024-02-22,6.0,27
2024-02-23,2.0,27
2024-02-24,12.0,27
2024-02-25,11.0,27
2024-02-26,1.0,27
2024-02-27,0.0,27
2024-02-28,8.0,27
2024-02-29,3.0,27
2024-03-01,6.0,27
2024-03-02,13.0,27
2024-03-03,3.0,27
2024-03-04,3.0,27
2024-03-05,8.0,27
2024-03-06,8.0,27
2024-03-07,4.0,27
2024-03-08,2.0,27
2024-03-09,11.0,27
2024-03-10,11.0,27
2024-03-11,5.0,27
2024-03-12,3.0,27
2024-03-13,6.0,27
2024-03-14,5.0,27
2024-03-15,7.0,27
2024-03-16,5.0,27
2024-03-17,5.0,27
2024-03-18,5.0,27
2024-03-19,2.0,27
2024-03-20,5.0,27
2024-03-21,2.0,27
2024-03-22,7.0,27
2024-03-23,14.0,27
2024-03-24,19.0,27
2024-03-25,3.0,27
2024-03-26,3.0,27
2024-03-27,4.0,27
2024-03-28,2.0,27
2024-03-29,3.0,27
2024-03-30,7.0,27
2024-03-31,3.0,27
2024-04-01,10.0,27
2024-04-02,7.0,27
2024-04-03,3.0,27
2024-04-04,8.0,27
2024-04-05,6.0,27
2024-04-06,7.0,27
2024-04-07,11.0,27
2024-04-08,6.0,27
2024-04-09,7.0,27
2024-04-10,5.0,27
2024-04-11,1.0,27
2024-04-12,8.0,27
2024-04-13,11.0,27
2024-04-14,9.0,27
2024-04-15,1.0,27
2024-04-16,5.0,27
2024-04-17,3.0,27
2024-04-18,12.0,27
2024-04-19,9.0,27
2024-04-20,10.0,27
2024-04-21,2.0,27
2024-04-22,17.0,27
2024-04-23,2.0,27
2024-04-24,7.0,27
2024-04-25,6.0,27
2024-04-26,7.0,27
2024-04-27,17.0,27
2024-04-28,12.0,27
2024-04-29,11.0,27
2024-04-30,2.0,27
2024-05-01,0.0,27
2024-05-02,2.0,27
2024-05-03,6.0,27
2024-05-04,11.0,27
2024-05-05,6.0,27
2024-05-06,2.0,27
2024-05-07,6.0,27
2024-05-08,10.0,27
2024-05-09,3.0,27
2024-05-10,4.0,27
2024-05-11,5.0,27
2024-05-12,5.0,27
2024-05-13,1.0,27
2024-05-14,0.0,27
2024-05-15,0.0,27
2024-05-16,4.0,27
2024-05-17,2.0,27
2024-05-18,7.0,27
2024-05-19,1.0,27
2024-05-20,9.0,27
2024-05-21,3.0,27
2024-05-22,3.0,27
2024-05-23,5.0,27
2024-05-24,5.0,27
2024-05-25,14.0,27
2024-05-26,7.0,27
2024-05-27,5.0,27
2024-05-28,9.0,27
2024-05-29,1.0,27
2024-05-30,10.0,27
2024-05-31,7.0,27
2024-06-01,5.0,27
2024-06-02,1.0,27
2024-06-03,9.0,27
2024-06-04,6.0,27
2024-06-05,3.0,27
2024-06-06,5.0,27
2024-06-07,8.0,27
2024-06-08,7.0,27
2024-06-09,8.0,27
2024-06-10,4.0,27
2024-06-11,7.0,27
2024-06-12,1.0,27
2024-06-13,8.0,27
2024-06-14,7.0,27
2024-06-15,4.0,27
2024-06-16,8.0,27
2024-06-17,3.0,27
2024-06-18,2.0,27
2024-06-19,4.0,27
2024-06-20,4.0,27
2024-06-21,3.0,27
2024-06-22,4.0,27
2024-06-23,6.0,27
2024-06-24,0.0,27
2024-06-25,2.0,27
2024-06-26,2.0,27
2024-06-27,2.0,27
2024-06-28,1.0,27
2024-06-29,1.0,27
2024-06-30,8.0,27
2024-07-01,1.0,27
2024-07-02,5.0,27
2024-07-03,5.0,27
2024-07-04,2.0,27
2024-07-05,1.0,27
2024-07-06,7.0,27
2024-07-07,4.0,27
2024-07-08,4.0,27
2024-07-09,3.0,27
2024-07-10,3.0,27
2024-07-11,3.0,27
2024-07-12,1.0,27
2024-07-13,2.0,27
2024-07-14,6.0,27
2024-07-15,4.0,27
2024-07-16,2.0,27
2024-07-17,0.0,27
2024-07-18,5.0,27
2024-07-19,4.0,27
2024-07-20,7.0,27
2024-07-21,2.0,27
2024-07-22,0.0,27
2024-07-23,5.0,27
2024-07-24,10.0,27
2024-07-25,3.0,27
2024-07-26,4.0,27
2024-07-27,12.0,27
2024-07-28,6.0,27
2024-07-29,2.0,27
2024-07-30,5.0,27
2024-07-31,12.0,27
2024-08-01,7.0,27
2024-08-02,16.0,27
2024-08-03,13.0,27
2024-08-04,33.0,27
2024-08-05,7.0,27
2024-08-06,6.0,27
2024-08-07,12.0,27
2024-08-08,7.0,27
2024-08-09,13.0,27
2024-08-10,15.0,27
2024-08-11,18.0,27
2024-08-12,31.0,27
2024-08-13,5.0,27
2024-08-14,10.0,27
2024-08-15,3.0,27
2024-08-16,2.0,27
2024-08-17,11.0,27
2024-08-18,13.0,27
2024-08-19,8.0,27
2024-08-20,11.0,27
2024-08-21,6.0,27
2024-08-22,3.0,27
2024-08-23,6.0,27
2024-08-24,1.0,27
2024-08-25,4.0,27
2024-08-26,6.0,27
2024-08-27,4.0,27
2024-08-28,11.0,27
2024-08-29,10.0,27
2024-08-30,3.0,27
2024-08-31,11.0,27
2024-09-01,1.0,27
2024-09-02,7.0,27
2024-09-03,5.0,27
2024-09-04,2.0,27
2024-09-05,0.0,27
2024-09-06,4.0,27
2024-09-07,5.0,27
2024-09-08,3.0,27
2024-09-09,2.0,27
2024-09-10,0.0,27
2024-09-11,0.0,27
2024-09-12,4.0,27
2024-09-13,4.0,27
2024-09-14,9.0,27
2024-09-15,1.0,27
2024-09-16,1.0,27
2024-09-17,6.0,27
2024-09-18,0.0,27
2024-09-19,4.0,27
2024-09-20,2.0,27
2024-09-21,10.0,27
2024-09-22,7.0,27
2024-09-23,1.0,27
2024-09-24,7.0,27
2024-09-25,14.0,27
2024-09-26,8.0,27
2024-09-27,1.0,27
2024-09-28,8.0,27
2024-09-29,1.0,27
2024-09-30,3.0,27
2024-10-01,6.0,27
2024-10-02,0.0,27
2024-10-03,6.0,27
2024-10-04,6.0,27
2024-10-05,7.0,27
2024-10-06,5.0,27
2024-10-07,1.0,27
2024-10-08,4.0,27
2024-10-09,3.0,27
2024-10-10,7.0,27
2024-10-11,3.0,27
2024-10-12,6.0,27
2024-10-13,6.0,27
2024-10-14,3.0,27
2024-10-15,2.0,27
2024-10-16,5.0,27
2024-10-17,5.0,27
2024-10-18,4.0,27
2024-10-19,6.0,27
2024-10-20,2.0,27
2024-10-21,7.0,27
2024-10-22,2.0,27
2024-10-23,10.0,27
2024-10-24,3.0,27
2024-10-25,11.0,27
2024-10-26,3.0,27
2024-10-27,11.0,27
2024-10-28,3.0,27
2024-10-29,2.0,27
2024-10-30,7.0,27
2024-10-31,1.0,27
2024-11-01,13.0,27
2024-11-02,2.0,27
2024-11-03,5.0,27
2024-11-04,11.0,27
2024-11-05,4.0,27
2024-11-06,2.0,27
2024-11-07,13.0,27
2024-11-08,13.0,27
2024-11-09,8.0,27
2024-11-10,3.0,27
2024-11-11,1.0,27
2024-11-12,1.0,27
2024-11-13,5.0,27
2024-11-14,1.0,27
2024-11-15,2.0,27
2024-11-16,6.0,27
2024-11-17,7.0,27
2024-11-18,1.0,27
2024-11-19,0.0,27
2024-11-20,3.0,27
2024-11-21,6.0,27
2024-11-22,8.0,27
2024-11-23,13.0,27
2024-11-24,2.0,27
2024-11-25,7.0,27
2024-11-26,7.0,27
2024-11-27,6.0,27
2024-11-28,0.0,27
2024-11-29,6.0,27
2024-11-30,6.0,27
2024-12-01,4.0,27
2024-12-02,7.0,27
2024-12-03,3.0,27
2024-12-04,0.0,27
2024-12-05,0.0,27
2024-12-06,9.0,27
2024-12-07,9.0,27
2024-12-08,4.0,27
2024-12-09,6.0,27
2024-12-10,1.0,27
2024-12-11,8.0,27
2024-12-12,14.0,27
2024-12-13,9.0,27
2024-12-14,12.0,27
2024-12-15,7.0,27
2024-12-16,12.0,27
2024-12-17,5.0,27
2024-12-18,5.0,27
2024-12-19,7.0,27
2024-12-20,7.0,27
2024-12-21,18.0,27
2024-12-22,15.0,27
2024-12-23,18.0,27
2024-12-24,13.0,27
2024-12-25,0.0,27
2024-12-26,15.0,27
2024-12-27,2.0,27
2024-12-28,2.0,27
2024-12-29,6.0,27
2024-12-30,2.0,27
2024-12-31,9.0,27
2025-01-01,0.0,27
2025-01-02,7.0,27
2025-01-03,8.0,27
2025-01-04,9.0,27
2025-01-05,1.0,27
2025-01-06,4.0,27
2025-01-07,6.0,27
2025-01-08,0.0,27
2025-01-09,0.0,27
2025-01-10,4.0,27
2025-01-11,5.0,27
2025-01-12,15.0,27
2025-01-13,1.0,27
2025-01-14,7.0,27
2025-01-15,5.0,27
2025-01-16,4.0,27
2025-01-17,8.0,27
2025-01-18,7.0,27
2025-01-19,2.0,27
2025-01-20,2.0,27
2025-01-21,3.0,27
2025-01-22,5.0,27
2025-01-23,4.0,27
2025-01-24,4.0,27
2025-01-25,1.0,27
2025-01-26,7.0,27
2025-01-27,3.0,27
2025-01-28,1.0,27
2025-01-29,0.0,27
2025-01-30,4.0,27
2025-01-31,5.0,27
2025-02-01,16.0,27
2025-02-02,9.0,27
2025-02-03,4.0,27
2025-02-04,5.0,27
2025-02-05,2.0,27
2025-02-06,3.0,27
2025-02-07,3.0,27
2025-02-08,7.0,27
2025-02-09,5.0,27
2025-02-10,1.0,27
2025-02-11,4.0,27
2025-02-12,8.0,27
2025-02-13,0.0,27
2025-02-14,4.0,27
2025-02-15,8.0,27
2025-02-16,3.0,27
2025-02-17,5.0,27
2025-02-18,5.0,27
2025-02-19,4.0,27
2025-02-20,7.0,27
2025-02-21,6.0,27
2025-02-22,6.0,27
2025-02-23,6.0,27
2025-02-24,6.0,27
2025-02-25,0.0,27
2025-02-26,2.0,27
2025-02-27,6.0,27
2025-02-28,7.0,27
2025-03-01,10.0,27
2025-03-02,8.0,27
2025-03-03,2.0,27
2025-03-04,1.0,27
2025-03-05,4.0,27
2025-03-06,4.0,27
2025-03-07,1.0,27
2025-03-08,12.0,27
2025-03-09,7.0,27
2025-03-10,1.0,27
2025-03-11,3.0,27
2025-03-12,7.0,27
2025-03-13,4.0,27
2025-03-14,7.0,27
2025-03-15,9.0,27
2025-03-16,5.0,27
2025-03-17,3.0,27
2025-03-18,1.0,27
2025-03-19,3.0,27
2025-03-20,5.0,27
2025-03-21,4.0,27
2025-03-22,4.0,27
2025-03-23,14.0,27
2025-03-24,6.0,27
2025-03-25,4.0,27
2025-03-26,2.0,27
2025-03-27,0.0,27
2025-03-28,9.0,27
2025-03-29,5.0,27
2025-03-30,9.0,27
2025-03-31,7.0,27
2025-04-01,2.0,27
2025-04-02,3.0,27
2025-04-03,2.0,27
2025-04-04,1.0,27
2025-04-05,5.0,27
2025-04-06,6.0,27
2025-04-07,1.0,27
2025-04-08,8.0,27
2025-04-09,2.0,27
2025-04-10,1.0,27
2025-04-11,6.0,27
2025-04-12,5.0,27
2025-04-13,8.0,27
2025-04-14,10.0,27
2025-04-15,6.0,27
2025-04-16,1.0,27
2025-04-17,0.0,27
2025-04-18,7.0,27
2025-04-19,4.0,27
2025-04-20,1.0,27
2025-04-21,2.0,27
2025-04-22,0.0,27
2025-04-23,0.0,27
2025-04-24,3.0,27
2025-04-25,8.0,27
2025-04-26,10.0,27
2025-04-27,9.0,27
2025-04-28,5.0,27
2025-04-29,4.0,27
2025-04-30,1.0,27
2025-05-01,6.0,27
2025-05-02,0.0,27
2025-05-03,1.0,27
2025-05-04,3.0,27
2025-05-05,4.0,27
2025-05-06,0.0,27
2025-05-07,3.0,27
2025-05-08,7.0,27
2025-05-09,9.0,27
2025-05-10,9.0,27
2025-05-11,2.0,27
2025-05-12,0.0,27
2025-05-13,7.0,27
2025-05-14,8.0,27
2025-05-15,1.0,27
2025-05-16,9.0,27
2025-05-17,4.0,27
2025-05-18,7.0,27
2025-05-19,6.0,27
2025-05-20,1.0,27
2025-05-21,3.0,27
2025-05-22,2.0,27
2025-05-23,0.0,27
2025-05-24,5.0,27
2025-05-25,4.0,27
2025-05-26,1.0,27
2025-05-27,8.0,27
2025-05-28,6.0,27
2025-05-29,2.0,27
2025-05-30,3.0,27
2025-05-31,0.0,27
2025-06-01,8.0,27
